# Mechanically derived from V33a FragmentCategorizationSystem; page id then CATEGORY=weight fields
START	INFO=20
LEXICON	INFO=20	TOOLARMOR=20
ENERGY	INFO=20	LUMENS=40
ELEMENTS	INFO=20	LUMENS=40	TOOLARMOR=20
CRYSTALS	INFO=20	LUMENS=30
PYLONS	ARTIFACT=40	BLOCK=20	INFO=20	LUMENS=30
STRUCTURES	ARTIFACT=40	INFO=20	WORLD=40
TRANSMISSION	INFO=20	LUMENS=40
CRAFTING	BLOCK=20	CRAFTING=40	INFO=20
ENCHANTS	AUTOMATION=30	BLOCK=20	INFO=20	TOOLARMOR=40
CRAFTING2	BLOCK=20	CRAFTING=40	INFO=20
BALLLIGHTNING	INFO=20	WORLD=10
APIRECIPES	CRAFTING=30	INFO=20	MODINTERFACE=30
LEYLINES	BLOCK=20	INFO=20	LUMENS=40
USINGRUNES	CRAFTING=30	INFO=20
DIMENSION	ARTIFACT=40	INFO=20	TRAVEL=40	WORLD=40
DIMENSION2	ARTIFACT=40	INFO=20	WORLD=40
FARLANDS	ARTIFACT=40	INFO=20	WORLD=40
TURBO	IMPROVEMENT=40	INFO=20	LUMENS=40
TURBOREPEATER	CRAFTING=30	IMPROVEMENT=40	INFO=20	LUMENS=40
TURBOREPEATER2	IMPROVEMENT=40	INFO=20	LUMENS=40
PACKCHANGES	INFO=20
NODENET	IMPROVEMENT=30	INFO=20	LUMENS=30
SELFCHARGE	INFO=20	LUMENS=40	TOOLARMOR=20
MYSTPAGE	INFO=20
ENCHANTING	IMPROVEMENT=40	INFO=20	TOOLARMOR=30
STRUCTUREPASSWORDS	ARTIFACT=20	INFO=20	STRUCTURE=30
DIMTUNING	IMPROVEMENT=30	INFO=20	WORLD=30
ABILITIES	ABILITY=40	BLOCK=20	INFO=20
CASTTUNING	CRAFTING=40	IMPROVEMENT=30	INFO=20
MULTIBLOCKS	INFO=20	STRUCTURE=30
PYLONLINK	ARTIFACT=40	BLOCK=20	INFO=20	LUMENS=40
ITEMBURNER	INFO=20	LUMENS=40
MONUMENT	ARTIFACT=40	BLOCK=20	CONVERSION=40	IMPROVEMENT=40	INFO=20	STRUCTURE=40	WORLD=40
MUD	INFO=20	LUMENS=20	WORLD=20
ITEMCHARGE	INFO=20	LUMENS=30	TOOLARMOR=30
ITEMBUFFERLINK	INFO=20	LUMENS=30	TOOLARMOR=30
SKYPEATER	BLOCK=20	INFO=20	LUMENS=40	WORLD=30
FRAGMENTSELECT	INFO=20
REPEATER	BLOCK=20
GUARDIAN	BLOCK=20	DEFENCE=40
REPROGRAMMER	BLOCK=20	CONVERSION=40
ACCEL	BLOCK=20	IMPROVEMENT=40
RIFT	AUTOMATION=40	BLOCK=20	WORLD=40
TANK	BLOCK=20	STORAGE=40
COMPOUND	BLOCK=20
CHARGER	BLOCK=20	LUMENS=40	STORAGE=40	TOOLARMOR=40
LILY	BLOCK=20	WORLD=40
TICKER	BLOCK=20
FENCE	BLOCK=20	DEFENCE=40
FURNACE	BLOCK=20	CRAFTING=40
TELEPUMP	BLOCK=20	COLLECTION=40	WORLD=40
MINER	BLOCK=20	COLLECTION=40	WORLD=40
ITEMSTAND	BLOCK=20	CRAFTING=20
LASER	BLOCK=20	WORLD=20
ITEMRIFT	AUTOMATION=40	BLOCK=20
CRYSTAL	BLOCK=20	LUMENS=40
INFUSER	BLOCK=20
FABRICATOR	BLOCK=20	CONVERSION=40	CRAFTING=40
ENCHANTER	BLOCK=20
CHROMAFLOWER	BLOCK=20	BUILDING=40
COLLECTOR	BLOCK=20	CONVERSION=40	RESOURCE=40
BREWER	BLOCK=20	CRAFTING=40
RITUALTABLE	BLOCK=20
CASTTABLE	BLOCK=20
BEACON	BLOCK=20	DEFENCE=40
ITEMCOLLECTOR	BLOCK=20	COLLECTION=40	WORLD=40
AISHUTDOWN	BLOCK=20
ASPECT	BLOCK=20	CONVERSION=40
LAMP	BLOCK=20	DEFENCE=40
POWERTREE	BLOCK=20	LUMENS=50	STORAGE=40
LAMPCONTROL	BLOCK=20	BUILDING=40
BIOMEPAINT	BLOCK=20	WORLD=40
ASPECTJAR	BLOCK=20	STORAGE=40
FARMER	BLOCK=20	COLLECTION=40
AUTO	AUTOMATION=40	BLOCK=20	CRAFTING=40	IMPROVEMENT=40
MEDISTRIB	AUTOMATION=40	BLOCK=20
WINDOW	BLOCK=20	TRAVEL=40
RFDISTRIB	AUTOMATION=40	BLOCK=20
PERSONAL	BLOCK=20	LUMENS=40
MUSIC	BLOCK=20
PYLONTURBO	BLOCK=20	LUMENS=40
TURRET	ATTACK=30	BLOCK=20
BROADCAST	BLOCK=20
CLOAKING	BLOCK=20	DEFENCE=40
CAVELIGHTER	BLOCK=20	WORLD=40
GLOWFIRE	BLOCK=20	CONVERSION=40	CRAFTING=40
ESSENTIA	AUTOMATION=40	BLOCK=20
INSERTER	AUTOMATION=40	BLOCK=20
LOTUS	BLOCK=20	CONVERSION=40	DEFENCE=30	WORLD=40
COBBLEGEN	BLOCK=20	CRAFTING=40
PLANTACCEL	BLOCK=20	IMPROVEMENT=40
CROPSPEED	BLOCK=20	IMPROVEMENT=30
WEAKREPEATER	BLOCK=20
ENCHANTDECOMP	BLOCK=20	CONVERSION=40
LUMENWIRE	AUTOMATION=20	BLOCK=20
PARTICLES	BLOCK=20	BUILDING=30
METEOR	ATTACK=40	BLOCK=20
FLUIDDISTRIB	AUTOMATION=40	BLOCK=20
VILLAGEREPAIR	BLOCK=20
AREABREAKER	BLOCK=20	BUILDING=40
WIRELESS	BLOCK=20	LUMENS=40
GATE	BLOCK=20	TRAVEL=40
FLUIDRELAY	AUTOMATION=40	BLOCK=20
BOOKDECOMP	BLOCK=20	COLLECTION=30
PLANTHARVEST	BLOCK=20	COLLECTION=40
AVOLASER	ATTACK=40	BLOCK=20
ALVEARY	AUTOMATION=40	BLOCK=20	CONVERSION=20	IMPROVEMENT=40
ROUTER	AUTOMATION=40	BLOCK=20
FOCUSCRYSTALS	BLOCK=20	CRAFTING=40
FLUXMAKER	BLOCK=20	CONVERSION=30
FUNCRELAY	BLOCK=20	IMPROVEMENT=20
CHROMACRAFTER	AUTOMATION=20	BLOCK=20
MULTIBUILDER	BLOCK=20	BUILDING=40
EXPLOSIONSHIELD	BLOCK=20	DEFENCE=40
AURALOCUS	BLOCK=20
PROGRESSLINK	BLOCK=20	CONVERSION=20
MANABOOSTER	AUTOMATION=30	BLOCK=20	COLLECTION=40	CONVERSION=40	IMPROVEMENT=40
NETWORKOPT	BLOCK=20	IMPROVEMENT=40	LUMENS=30
LANDMARK	BLOCK=20	BUILDING=30
INJECTOR	AUTOMATION=40	BLOCK=20	CRAFTING=40	IMPROVEMENT=40
HOVERPAD	BLOCK=20	TRAVEL=40
DEATHFOG	BLOCK=20	COLLECTION=40
VOIDTRAP	ATTACK=40	BLOCK=20
PLAYERINFUSER	BLOCK=20	IMPROVEMENT=40	LUMENS=40	STORAGE=40
SMELTERY	AUTOMATION=40	BLOCK=20
LAUNCHPAD	BLOCK=20	TRAVEL=40
TOOLSTORAGE	BLOCK=20	STORAGE=40
BEESTORAGE	BLOCK=20	STORAGE=40
NETWORKTRANSPORT	AUTOMATION=40	BLOCK=20
RUNES	BLOCK=20
CHROMA	BLOCK=20	RESOURCE=40
HEATLAMP	AUTOMATION=40	BLOCK=20
TNT	ATTACK=40	BLOCK=20
TANKAUX	BLOCK=20	STORAGE=40
FENCEAUX	BLOCK=20	DEFENCE=40
LUMENLEAVES	BLOCK=20
DYELEAVES	BLOCK=20
RAINBOWLEAVES	BLOCK=20
LAMPAUX	BLOCK=20	BUILDING=40
CRYSTALLAMP	BLOCK=20	BUILDING=40
SUPERLAMP	BLOCK=20	IMPROVEMENT=40
PATH	BLOCK=20	BUILDING=40	TRAVEL=40
GLOW	BLOCK=20	BUILDING=40
RELAY	BLOCK=20	LUMENS=40
PORTAL	BLOCK=20
COLORALTAR	BLOCK=20	BUILDING=40
DOOR	BLOCK=20	BUILDING=40
GLASS	BLOCK=20	BUILDING=40
MUSICTRIGGER	BLOCK=20
SELECTIVEGLASS	BLOCK=20	BUILDING=40	DEFENCE=40
AVOLAMP	BLOCK=20	BUILDING=40
REPEATERLAMP	BLOCK=20	BUILDING=40
REDSTONEPOD	AUTOMATION=40	BLOCK=20
FAKESKY	BLOCK=20	BUILDING=40
CHUNKLOADER	ARTIFACT=40	BLOCK=20	WORLD=40
LUMA	BLOCK=20	RESOURCE=40	WORLD=40
ENDER	BLOCK=20	RESOURCE=40	TRAVEL=20	WORLD=40
TRAPFLOOR	ATTACK=40	BLOCK=20	BUILDING=40
WARPNODE	BLOCK=20	TRAVEL=40	WORLD=40
RFPOD	AUTOMATION=40	BLOCK=20
ENCRUSTED	BLOCK=20	RESOURCE=40
INJECTORAUX	AUTOMATION=40	BLOCK=20	CRAFTING=40	IMPROVEMENT=40
HOVERPADAUX	BLOCK=20	TRAVEL=40
WAND	TOOLARMOR=20
FINDER	LUMENS=30	TOOLARMOR=20	WORLD=40
EXCAVATOR	COLLECTION=40	TOOLARMOR=20
TRANSITION	BUILDING=40	CONVERSION=40	TOOLARMOR=20
INVLINK	AUTOMATION=40	TOOLARMOR=20
PENDANT	TOOLARMOR=20
LENS	LUMENS=20	TOOLARMOR=20
STORAGE	LUMENS=40	STORAGE=40	TOOLARMOR=40
LINKTOOL	TOOLARMOR=20
WARP	DEFENCE=40	IMPROVEMENT=20	TOOLARMOR=20
TELEPORT	TOOLARMOR=20	TRAVEL=40
DUPLICATOR	BUILDING=40	TOOLARMOR=20
BUILDER	BUILDING=40	TOOLARMOR=20
CAPTURE	STORAGE=40	TOOLARMOR=20
VOIDCELL	STORAGE=40	TOOLARMOR=20
AURAPOUCH	STORAGE=40	TOOLARMOR=20
MULTITOOL	COLLECTION=40	TOOLARMOR=20
OREPICK	COLLECTION=30	TOOLARMOR=20
ORESILK	COLLECTION=40	TOOLARMOR=20
GROWTH	TOOLARMOR=20
ENDERCRYS	STORAGE=40	TOOLARMOR=20
BULKMOVER	AUTOMATION=40	TOOLARMOR=20
CHAINGUN	ATTACK=40	TOOLARMOR=20
HOVER	TOOLARMOR=20	TRAVEL=40
SPLASH	ATTACK=40	TOOLARMOR=20
VACUUMGUN	ATTACK=40	TOOLARMOR=20
DOORKEY	TOOLARMOR=20
OWNERKEY	TOOLARMOR=20
CRYSTALCELL	STORAGE=40	TOOLARMOR=20
PURIFY	DEFENCE=30	TOOLARMOR=20
EFFICIENCY	LUMENS=30	TOOLARMOR=20
KILLAURA	ATTACK=40	TOOLARMOR=20
FLOATBOOTS	TOOLARMOR=20	TRAVEL=40
TELECAPSULE	TOOLARMOR=20	TRAVEL=40
BEEFRAME	AUTOMATION=20	TOOLARMOR=20
STRUCTFIND	TOOLARMOR=20	WORLD=40
MOBSONAR	DEFENCE=20	TOOLARMOR=20
CAVEEXIT	TOOLARMOR=20	TRAVEL=40
SPLINEATTACK	ATTACK=40	TOOLARMOR=20
SHIELDEDCELL	IMPROVEMENT=20	STORAGE=40	TOOLARMOR=20
BOTTLENECK	LUMENS=40	TOOLARMOR=20
SPAWNERBYPASS	DEFENCE=30	TOOLARMOR=20
ENDEREYE	TOOLARMOR=20	WORLD=40
LIGHTGUN	TOOLARMOR=20	WORLD=40
PROBE	STRUCTURE=30	TOOLARMOR=20
TELEGATELOCK	TOOLARMOR=20	TRAVEL=40
ENDERBUCKET	BUILDING=30	TOOLARMOR=20
WIDECOLLECTOR	COLLECTION=40	TOOLARMOR=20
NETHERKEY	DEFENCE=30	TOOLARMOR=20
RECIPECACHE	CRAFTING=30	STORAGE=40	TOOLARMOR=20
ETHERPENDANT	TOOLARMOR=20	WORLD=40
STRUCTMAP	ARTIFACT=30	TOOLARMOR=20	WORLD=40
BERRIES	LUMENS=20	RESOURCE=20	TOOLARMOR=20
SHARDS	CRAFTING=20	LUMENS=20	RESOURCE=20
DUSTS	RESOURCE=20	WORLD=40
GROUPS	CRAFTING=40	RESOURCE=20
CORES	CRAFTING=40	RESOURCE=20
HICORES	CRAFTING=40	RESOURCE=20
IRID	CRAFTING=40	RESOURCE=20
ORES	RESOURCE=20	WORLD=40
CRYSTALSTONE	RESOURCE=20	STRUCTURE=40
SEED	RESOURCE=20	TOOLARMOR=20
FRAGMENT	ARTIFACT=20	RESOURCE=20	TOOLARMOR=20
AUGMENT	RESOURCE=20
ALLOYS	CRAFTING=40	RESOURCE=20
INSCRIPTION	ARTIFACT=40	RESOURCE=20	TOOLARMOR=20
BEES	IMPROVEMENT=20	RESOURCE=20
TINKERTOOLS	RESOURCE=20
BRANCHES	RESOURCE=20
FERTILITYSEED	RESOURCE=20	TOOLARMOR=20	WORLD=20
ARTEFACT	ARTIFACT=40	RESOURCE=20	TOOLARMOR=20
PROXESSENCE	ARTIFACT=20	IMPROVEMENT=20	RESOURCE=20	WORLD=20
VOIDESSENCE	RESOURCE=20
REACH	ABILITY=20	IMPROVEMENT=40
MAGNET	ABILITY=20	COLLECTION=40
SONIC	ABILITY=20
SHIFT	ABILITY=20	BUILDING=40	WORLD=40
HEAL	ABILITY=20	DEFENCE=40
SHIELD	ABILITY=20	DEFENCE=40
FIREBALL	ABILITY=20	ATTACK=40
COMMUNICATE	ABILITY=20	DEFENCE=40
HEALTH	ABILITY=20	DEFENCE=40	IMPROVEMENT=30
PYLONPROTECT	ABILITY=20	DEFENCE=40	LUMENS=20
LIGHTNING	ABILITY=20	ATTACK=40
LIFEPOINT	ABILITY=20
DEATHPROOF	ABILITY=20	DEFENCE=40
SHOCKWAVE	ABILITY=20	ATTACK=40
WARPLOC	ABILITY=20	TRAVEL=40
LEECH	ABILITY=20	ATTACK=40
FLOAT	ABILITY=20	TRAVEL=40
SPAWNERSEE	ABILITY=20	ATTACK=40
BREADCRUMB	ABILITY=20	TRAVEL=40
RANGEBOOST	ABILITY=20
DIMPING	ABILITY=20	WORLD=40
DASH	ABILITY=20	TRAVEL=40
LASERBILITY	ABILITY=20	ATTACK=40
FIRERAIN	ABILITY=20	ATTACK=40	WORLD=40
KEEPINV	ABILITY=20	DEFENCE=40
ORECLIP	ABILITY=20	COLLECTION=40	WORLD=40
DOUBLECRAFT	ABILITY=20	CRAFTING=40
GROWAURA	ABILITY=20	WORLD=40
RECHARGE	ABILITY=20	LUMENS=40
MEINV	ABILITY=20	AUTOMATION=40	BUILDING=40
MOBSEEK	ABILITY=20	ATTACK=40
BEEALYZE	ABILITY=20	MODINTERFACE=30
NUKER	ABILITY=20	COLLECTION=40
LIGHTCAST	ABILITY=20	WORLD=40
JUMPABILITY	ABILITY=20	TRAVEL=40
SUPERBUILD	ABILITY=20	BUILDING=40
CHESTCLEAR	ABILITY=20	COLLECTION=40
MOBBAIT	ABILITY=20	DEFENCE=40
PYLON	ARTIFACT=40	LUMENS=40	STRUCTURE=20
CASTING1	CRAFTING=40	STRUCTURE=20
CASTING2	CRAFTING=40	STRUCTURE=20
CASTING3	CRAFTING=40	IMPROVEMENT=40	STRUCTURE=20
RITUAL	STRUCTURE=20
INFUSION	CRAFTING=40	STRUCTURE=20
PLAYERINFUSION	IMPROVEMENT=40	LUMENS=40	STRUCTURE=20
TREE	LUMENS=40	STRUCTURE=20
TREESEND	IMPROVEMENT=20	LUMENS=40	STRUCTURE=20
REPEATERSTRUCT	LUMENS=40	STRUCTURE=20
COMPOUNDSTRUCT	LUMENS=40	STRUCTURE=20
CAVERN	ARTIFACT=40	STRUCTURE=20
BURROW	ARTIFACT=40	STRUCTURE=20
OCEAN	ARTIFACT=40	STRUCTURE=20
DESERT	ARTIFACT=40	STRUCTURE=20
SNOW	ARTIFACT=40	STRUCTURE=20
PORTALSTRUCT	ARTIFACT=40	STRUCTURE=20
MINIPYLON	ARTIFACT=40	STRUCTURE=20
BROADCASTER	LUMENS=40	STRUCTURE=20
CLOAKTOWER	DEFENCE=40	STRUCTURE=20
BOOSTTREE	IMPROVEMENT=40	LUMENS=40	STRUCTURE=20
BEACONSTRUCT	DEFENCE=40	STRUCTURE=20
MINIREPEATER	LUMENS=40	STRUCTURE=20
METEOR1	ATTACK=40	STRUCTURE=20
METEOR2	ATTACK=40	IMPROVEMENT=40	STRUCTURE=20
METEOR3	ATTACK=40	IMPROVEMENT=40	STRUCTURE=20
RITUAL2	IMPROVEMENT=40	STRUCTURE=20
GATESTRUCT	STRUCTURE=20	TRAVEL=40
RELAYSTRUCT	IMPROVEMENT=40	LUMENS=40	STRUCTURE=20
PYLONBROADCAST	IMPROVEMENT=40	LUMENS=40	STRUCTURE=20
PYLONTURBORING	IMPROVEMENT=40	LUMENS=40	STRUCTURE=20
WIRELESSPED	IMPROVEMENT=20	LUMENS=40	STRUCTURE=20
WIRELESSPED2	IMPROVEMENT=40	LUMENS=40	STRUCTURE=20
DATATOWER	ARTIFACT=40	STRUCTURE=20
PROGLINKSTRUCT	STRUCTURE=20
OPTIMISTRUCT	IMPROVEMENT=40	LUMENS=40	STRUCTURE=20
VOIDTRAPSTRUCT	ATTACK=40	STRUCTURE=20
VOIDTRAPSTRUCTN	ATTACK=40	STRUCTURE=20
LAUNCHPADSTRUCT	STRUCTURE=20	TRAVEL=40
BIOMESTRUCT	ARTIFACT=40	STRUCTURE=20
